{"cameraMode":{"drawMode":0,"name":"Shaded","section":"Shading Mode"},"sceneLighting":true,"audioPlay":false,"sceneViewState":{"m_AlwaysRefresh":false,"showFog":true,"showSkybox":true,"showFlares":true,"showImageEffects":true,"showParticleSystems":true,"showVisualEffectGraphs":true,"m_FxEnabled":true},"in2DMode":false,"pivot":{"x":28.178220748901368,"y":22.54105567932129,"z":38.737632751464847},"rotation":{"x":0.21075837314128877,"y":0.02052675560116768,"z":-0.00442602438852191,"w":0.9773136377334595},"size":67.16051483154297,"orthographic":true}